Entity,Code,Year,Urban population living in slums
Afghanistan,AFG,2006,3706745
Afghanistan,AFG,2008,3919555
Afghanistan,AFG,2010,4336525
Afghanistan,AFG,2012,4949920
Afghanistan,AFG,2014,5605681
Afghanistan,AFG,2016,6250652
Afghanistan,AFG,2018,6855966
Afghanistan,AFG,2020,7434756
Albania,ALB,2000,362319
Albania,ALB,2002,338441
Albania,ALB,2004,317820
Albania,ALB,2006,293332
Albania,ALB,2008,263737
Albania,ALB,2010,234006
Albania,ALB,2012,203277
Albania,ALB,2014,167902
Albania,ALB,2016,131059
Albania,ALB,2018,91635
Albania,ALB,2020,49354
Algeria,DZA,2008,7037635
Algeria,DZA,2010,7458951
Algeria,DZA,2012,7417538
Algeria,DZA,2014,6799331
Algeria,DZA,2016,6075330
Algeria,DZA,2018,5228593
Algeria,DZA,2020,4249876
Angola,AGO,2000,1617625
Angola,AGO,2002,1810261
Angola,AGO,2004,2023378
Angola,AGO,2006,2951871
Angola,AGO,2008,4035842
Angola,AGO,2010,5315445
Angola,AGO,2012,6819018
Angola,AGO,2014,8563057
Angola,AGO,2016,10557461
Angola,AGO,2018,12821945
Angola,AGO,2020,13983955
Argentina,ARG,2000,6705579
Argentina,ARG,2002,6635086
Argentina,ARG,2004,6546687
Argentina,ARG,2006,6450390
Argentina,ARG,2008,6340111
Argentina,ARG,2010,6174866
Argentina,ARG,2012,6060871
Armenia,ARM,2000,262184
Armenia,ARM,2002,245469
Armenia,ARM,2004,232015
Armenia,ARM,2006,218883
Armenia,ARM,2008,205811
Armenia,ARM,2010,193470
Armenia,ARM,2012,181761
Armenia,ARM,2014,170949
Armenia,ARM,2016,160603
Armenia,ARM,2018,150371
Armenia,ARM,2020,149117
Austria,AUT,2000,217080
Austria,AUT,2002,212137
Austria,AUT,2004,212482
Austria,AUT,2006,212951
Azerbaijan,AZE,2000,2106804
Azerbaijan,AZE,2002,1901723
Azerbaijan,AZE,2004,1687791
Azerbaijan,AZE,2006,1469317
Azerbaijan,AZE,2008,1250401
Azerbaijan,AZE,2010,1302054
Azerbaijan,AZE,2012,1348716
Bangladesh,BGD,2000,17771202
Bangladesh,BGD,2002,19149731
Bangladesh,BGD,2004,20666963
Bangladesh,BGD,2006,22126890
Bangladesh,BGD,2008,23478372
Bangladesh,BGD,2010,24902276
Bangladesh,BGD,2012,26492453
Bangladesh,BGD,2014,28139151
Bangladesh,BGD,2016,29798628
Bangladesh,BGD,2018,31487390
Bangladesh,BGD,2020,33152876
Belarus,BLR,2000,1226109
Belarus,BLR,2002,1121875
Belarus,BLR,2004,1014369
Belarus,BLR,2006,907371
Belarus,BLR,2008,803999
Belarus,BLR,2010,702318
Belarus,BLR,2012,599897
Belarus,BLR,2014,497158
Belarus,BLR,2016,392158
Belarus,BLR,2018,282222
Belarus,BLR,2020,169695
Belize,BLZ,2000,17244
Belize,BLZ,2002,18303
Belize,BLZ,2004,19438
Belize,BLZ,2006,20603
Belize,BLZ,2008,21790
Belize,BLZ,2010,22938
Belize,BLZ,2012,24006
Belize,BLZ,2014,25137
Belize,BLZ,2016,26292
Belize,BLZ,2018,27479
Belize,BLZ,2020,28583
Benin,BEN,2000,1927834
Benin,BEN,2002,2073465
Benin,BEN,2004,2246741
Benin,BEN,2006,2438094
Benin,BEN,2008,2633766
Benin,BEN,2010,2845209
Benin,BEN,2012,3071271
Benin,BEN,2014,3313473
Benin,BEN,2016,3577141
Benin,BEN,2018,3860004
Benin,BEN,2020,4158289
Bolivia,BOL,2000,3076378
Bolivia,BOL,2002,3111487
Bolivia,BOL,2004,3136543
Bolivia,BOL,2006,3154747
Bolivia,BOL,2008,3165718
Bolivia,BOL,2010,3166498
Bolivia,BOL,2012,3317413
Bolivia,BOL,2014,3463673
Bosnia and Herzegovina,BIH,2000,90340
Bosnia and Herzegovina,BIH,2002,92101
Bosnia and Herzegovina,BIH,2004,92222
Bosnia and Herzegovina,BIH,2006,88053
Bosnia and Herzegovina,BIH,2008,83254
Bosnia and Herzegovina,BIH,2010,78131
Bosnia and Herzegovina,BIH,2012,72994
Bosnia and Herzegovina,BIH,2014,66908
Bosnia and Herzegovina,BIH,2016,66164
Bosnia and Herzegovina,BIH,2018,65616
Botswana,BWA,2000,539432
Botswana,BWA,2002,554159
Botswana,BWA,2004,561660
Botswana,BWA,2006,569180
Botswana,BWA,2008,599024
Botswana,BWA,2010,627650
Botswana,BWA,2012,647519
Botswana,BWA,2014,657583
Botswana,BWA,2016,666576
Botswana,BWA,2018,673961
Botswana,BWA,2020,714706
Brazil,BRA,2000,49606805
Brazil,BRA,2002,46449394
Brazil,BRA,2004,42873033
Brazil,BRA,2006,38962761
Brazil,BRA,2008,34710912
Brazil,BRA,2010,30145211
Brazil,BRA,2012,25299309
Brazil,BRA,2014,25912274
Brazil,BRA,2016,26514771
Burkina Faso,BFA,2000,1743199
Burkina Faso,BFA,2002,1864569
Burkina Faso,BFA,2004,1983809
Burkina Faso,BFA,2006,2095179
Burkina Faso,BFA,2008,2144111
Burkina Faso,BFA,2010,2158955
Burkina Faso,BFA,2012,2152582
Burkina Faso,BFA,2014,2116530
Burkina Faso,BFA,2016,2043510
Burkina Faso,BFA,2018,1922774
Burkina Faso,BFA,2020,1748979
Burundi,BDI,2000,414544
Burundi,BDI,2002,460077
Burundi,BDI,2004,501352
Burundi,BDI,2006,527919
Burundi,BDI,2008,555466
Burundi,BDI,2010,592032
Burundi,BDI,2012,609580
Burundi,BDI,2014,620789
Burundi,BDI,2016,606033
Burundi,BDI,2018,591724
Burundi,BDI,2020,616455
Cambodia,KHM,2000,1910042
Cambodia,KHM,2002,1872389
Cambodia,KHM,2004,1825478
Cambodia,KHM,2006,1765582
Cambodia,KHM,2008,1700141
Cambodia,KHM,2010,1649853
Cambodia,KHM,2012,1586439
Cambodia,KHM,2014,1505376
Cambodia,KHM,2016,1400753
Cambodia,KHM,2018,1487949
Cambodia,KHM,2020,1577395
Cameroon,CMR,2000,4492463
Cameroon,CMR,2002,4618535
Cameroon,CMR,2004,4740404
Cameroon,CMR,2006,4846465
Cameroon,CMR,2008,4943348
Cameroon,CMR,2010,5023793
Cameroon,CMR,2012,5077516
Cameroon,CMR,2014,5112999
Cameroon,CMR,2016,5130198
Cameroon,CMR,2018,5080893
Cameroon,CMR,2020,4981883
Central African Republic,CAF,2000,1216333
Central African Republic,CAF,2002,1235097
Central African Republic,CAF,2004,1254275
Central African Republic,CAF,2006,1270112
Central African Republic,CAF,2008,1283185
Central African Republic,CAF,2010,1300886
Central African Republic,CAF,2012,1295642
Central African Republic,CAF,2014,1321427
Central African Republic,CAF,2016,1372735
Chad,TCD,2000,1636628
Chad,TCD,2002,1735048
Chad,TCD,2004,1869363
Chad,TCD,2006,1996210
Chad,TCD,2008,2116539
Chad,TCD,2010,2247571
Chad,TCD,2012,2395481
Chad,TCD,2014,2564616
Chad,TCD,2016,2732226
Chad,TCD,2018,2950503
Chad,TCD,2020,3210164
Chile,CHL,2000,1931322
Chile,CHL,2002,1491017
Chile,CHL,2004,1017419
Chile,CHL,2006,1035525
Chile,CHL,2008,1057671
Colombia,COL,2000,6141776
Colombia,COL,2002,6000964
Colombia,COL,2004,5822669
Colombia,COL,2006,5603922
Colombia,COL,2008,5344372
Colombia,COL,2010,5050499
Colombia,COL,2012,4723750
Colombia,COL,2014,4361465
Colombia,COL,2016,3975944
Colombia,COL,2018,3861079
Colombia,COL,2020,4022618
Comoros,COM,2000,97207
Comoros,COM,2002,101852
Comoros,COM,2004,106503
Comoros,COM,2006,111650
Comoros,COM,2008,117366
Comoros,COM,2010,123785
Comoros,COM,2012,131000
Comoros,COM,2014,138997
Comoros,COM,2016,146505
Comoros,COM,2018,154253
Congo,COG,2000,1615205
Congo,COG,2002,1743768
Congo,COG,2004,1816338
Congo,COG,2006,1838232
Congo,COG,2008,1841560
Congo,COG,2010,1852622
Congo,COG,2012,1807501
Congo,COG,2014,1722829
Congo,COG,2016,1619229
Congo,COG,2018,1608698
Congo,COG,2020,1708901
Costa Rica,CRI,2000,298328
Costa Rica,CRI,2002,299923
Costa Rica,CRI,2004,297540
Costa Rica,CRI,2006,291613
Costa Rica,CRI,2008,282269
Costa Rica,CRI,2010,269272
Costa Rica,CRI,2012,252385
Costa Rica,CRI,2014,231426
Costa Rica,CRI,2016,206653
Costa Rica,CRI,2018,178400
Costa Rica,CRI,2020,146722
Cote d'Ivoire,CIV,2000,4862983
Cote d'Ivoire,CIV,2002,5097325
Cote d'Ivoire,CIV,2004,5318822
Cote d'Ivoire,CIV,2006,5529595
Cote d'Ivoire,CIV,2008,5733135
Cote d'Ivoire,CIV,2010,5935032
Cote d'Ivoire,CIV,2012,6132006
Cote d'Ivoire,CIV,2014,6344706
Cote d'Ivoire,CIV,2016,6612880
Cote d'Ivoire,CIV,2018,6888455
Cote d'Ivoire,CIV,2020,7376778
Cuba,CUB,2000,180162
Cuba,CUB,2002,182316
Cuba,CUB,2004,183837
Cuba,CUB,2006,274870
Cuba,CUB,2008,366282
Cuba,CUB,2010,458292
Cuba,CUB,2012,551210
Cuba,CUB,2014,644220
Cuba,CUB,2016,736856
Cuba,CUB,2018,828490
Cuba,CUB,2020,919629
Democratic Republic of Congo,COD,2002,13395292
Democratic Republic of Congo,COD,2004,14585484
Democratic Republic of Congo,COD,2006,16044113
Democratic Republic of Congo,COD,2008,17783396
Democratic Republic of Congo,COD,2010,19715875
Democratic Republic of Congo,COD,2012,21915833
Democratic Republic of Congo,COD,2014,24393627
Democratic Republic of Congo,COD,2016,27147427
Democratic Republic of Congo,COD,2018,30162783
Democratic Republic of Congo,COD,2020,33207046
Dominican Republic,DOM,2000,1590458
Dominican Republic,DOM,2002,1549007
Dominican Republic,DOM,2004,1517778
Dominican Republic,DOM,2006,1471383
Dominican Republic,DOM,2008,1405649
Dominican Republic,DOM,2010,1322215
Dominican Republic,DOM,2012,1214716
Dominican Republic,DOM,2014,1087087
Dominican Republic,DOM,2016,940710
Dominican Republic,DOM,2018,981808
Dominican Republic,DOM,2020,1021300
East Timor,TLS,2004,136443
East Timor,TLS,2006,147154
East Timor,TLS,2008,152351
East Timor,TLS,2010,150930
East Timor,TLS,2012,148773
East Timor,TLS,2014,144974
East Timor,TLS,2016,138537
East Timor,TLS,2018,130802
East Timor,TLS,2020,138027
Ecuador,ECU,2000,4371208
Ecuador,ECU,2002,4621127
Ecuador,ECU,2004,4812237
Ecuador,ECU,2006,5012757
Egypt,EGY,2000,12897899
Egypt,EGY,2002,11714874
Egypt,EGY,2004,10397756
Egypt,EGY,2006,8924005
Egypt,EGY,2008,7287346
Egypt,EGY,2010,5508402
Egypt,EGY,2012,3591289
Egypt,EGY,2014,1496752
Egypt,EGY,2016,383723
Egypt,EGY,2018,398678
El Salvador,SLV,2002,1785765
El Salvador,SLV,2004,1825663
El Salvador,SLV,2006,1744654
El Salvador,SLV,2008,1564496
El Salvador,SLV,2010,1380035
El Salvador,SLV,2012,1179072
El Salvador,SLV,2014,961413
El Salvador,SLV,2016,726094
El Salvador,SLV,2018,745868
El Salvador,SLV,2020,762569
Eswatini,SWZ,2000,129401
Eswatini,SWZ,2002,130434
Eswatini,SWZ,2004,130762
Eswatini,SWZ,2006,113174
Eswatini,SWZ,2008,97316
Eswatini,SWZ,2010,81795
Eswatini,SWZ,2012,65155
Eswatini,SWZ,2014,47518
Eswatini,SWZ,2016,28969
Eswatini,SWZ,2018,29849
Eswatini,SWZ,2020,30844
Ethiopia,ETH,2000,9107010
Ethiopia,ETH,2002,9571118
Ethiopia,ETH,2004,10038009
Ethiopia,ETH,2006,10501703
Ethiopia,ETH,2008,11112723
Ethiopia,ETH,2010,11853339
Ethiopia,ETH,2012,12624151
Ethiopia,ETH,2014,13360596
Ethiopia,ETH,2016,14100444
Ethiopia,ETH,2018,14839774
Ethiopia,ETH,2020,16351653
Fiji,FJI,2002,62074
Fiji,FJI,2004,64325
Fiji,FJI,2006,64362
Fiji,FJI,2008,61917
Fiji,FJI,2010,59030
Fiji,FJI,2012,55250
Fiji,FJI,2014,51624
Fiji,FJI,2016,47683
Fiji,FJI,2018,48590
Fiji,FJI,2020,49530
Gabon,GAB,2000,576642
Gabon,GAB,2002,599089
Gabon,GAB,2004,622180
Gabon,GAB,2006,647043
Gabon,GAB,2008,674131
Gabon,GAB,2010,703602
Gabon,GAB,2012,735198
Gabon,GAB,2014,764281
Gabon,GAB,2016,819056
Gabon,GAB,2018,868477
Gambia,GMB,2000,391682
Gambia,GMB,2002,416848
Gambia,GMB,2004,440850
Gambia,GMB,2006,465014
Gambia,GMB,2008,490601
Gambia,GMB,2010,516592
Gambia,GMB,2012,542618
Gambia,GMB,2014,567584
Gambia,GMB,2016,590060
Gambia,GMB,2018,609624
Gambia,GMB,2020,626512
Georgia,GEO,2000,291872
Georgia,GEO,2002,283747
Georgia,GEO,2004,276196
Georgia,GEO,2006,260792
Georgia,GEO,2008,246186
Georgia,GEO,2010,229513
Georgia,GEO,2012,213032
Georgia,GEO,2014,199095
Georgia,GEO,2016,185686
Georgia,GEO,2018,171432
Georgia,GEO,2020,156679
Ghana,GHA,2000,5215141
Ghana,GHA,2002,5357822
Ghana,GHA,2004,5480132
Ghana,GHA,2006,5574178
Ghana,GHA,2008,5633740
Ghana,GHA,2010,5650568
Ghana,GHA,2012,5623450
Ghana,GHA,2014,5549979
Ghana,GHA,2016,5418402
Ghana,GHA,2018,5795262
Ghana,GHA,2020,6180045
Guatemala,GTM,2000,2915692
Guatemala,GTM,2002,2976386
Guatemala,GTM,2004,3016412
Guatemala,GTM,2006,3043286
Guatemala,GTM,2008,3057533
Guatemala,GTM,2010,3058525
Guatemala,GTM,2012,3047644
Guatemala,GTM,2014,3026667
Guatemala,GTM,2016,2994822
Guatemala,GTM,2018,3138010
Guatemala,GTM,2020,3285745
Guinea,GIN,2000,1046538
Guinea,GIN,2002,1118471
Guinea,GIN,2004,1213060
Guinea,GIN,2006,1310617
Guinea,GIN,2008,1424653
Guinea,GIN,2010,1550875
Guinea,GIN,2012,1687826
Guinea,GIN,2014,1836044
Guinea,GIN,2016,2002775
Guinea,GIN,2018,2185765
Guinea,GIN,2020,2386354
Guinea-Bissau,GNB,2008,440164
Guinea-Bissau,GNB,2010,472728
Guinea-Bissau,GNB,2012,508745
Guinea-Bissau,GNB,2014,520970
Guinea-Bissau,GNB,2016,530824
Guinea-Bissau,GNB,2018,537686
Guinea-Bissau,GNB,2020,541769
Guyana,GUY,2000,56846
Guyana,GUY,2002,56592
Guyana,GUY,2004,54030
Guyana,GUY,2006,49513
Guyana,GUY,2008,45019
Guyana,GUY,2010,40590
Guyana,GUY,2012,36785
Guyana,GUY,2014,33890
Guyana,GUY,2016,31027
Guyana,GUY,2018,28815
Guyana,GUY,2020,25924
Haiti,HTI,2000,1823938
Haiti,HTI,2002,2022671
Haiti,HTI,2004,2191435
Haiti,HTI,2006,2317874
Haiti,HTI,2008,2445159
Haiti,HTI,2010,2560490
Haiti,HTI,2012,2673225
Haiti,HTI,2014,2793207
Haiti,HTI,2016,2908338
Haiti,HTI,2018,3015271
Haiti,HTI,2020,3156411
Honduras,HND,2000,1343550
Honduras,HND,2002,1452759
Honduras,HND,2004,1530110
Honduras,HND,2006,1559977
Honduras,HND,2008,1579705
Honduras,HND,2010,1588163
Honduras,HND,2012,1584810
Honduras,HND,2014,1569416
Honduras,HND,2016,1663312
Honduras,HND,2018,1761268
Hungary,HUN,2000,1015435
Hungary,HUN,2002,938808
Hungary,HUN,2004,859166
Hungary,HUN,2006,781520
Hungary,HUN,2008,709306
Hungary,HUN,2010,627092
Hungary,HUN,2012,546073
Hungary,HUN,2014,498883
Hungary,HUN,2016,500131
India,IND,2000,162107041
India,IND,2002,169362647
India,IND,2004,177009993
India,IND,2006,184423153
India,IND,2008,191626226
India,IND,2010,198782095
India,IND,2012,206042675
India,IND,2014,213393522
India,IND,2016,220800843
India,IND,2018,228327737
India,IND,2020,239026973
Indonesia,IDN,2000,31583148
Indonesia,IDN,2002,32099072
Indonesia,IDN,2004,32456505
Indonesia,IDN,2006,32677943
Indonesia,IDN,2008,32787123
Indonesia,IDN,2010,32708561
Indonesia,IDN,2012,32333310
Indonesia,IDN,2014,31756106
Indonesia,IDN,2016,30948955
Indonesia,IDN,2018,29902499
Indonesia,IDN,2020,29889391
Iraq,IRQ,2000,5717877
Iraq,IRQ,2002,6383290
Iraq,IRQ,2004,7079475
Iraq,IRQ,2006,7664126
Iraq,IRQ,2008,8070260
Iraq,IRQ,2010,8991246
Iraq,IRQ,2012,10148353
Iraq,IRQ,2014,11459641
Iraq,IRQ,2016,12545280
Iraq,IRQ,2018,13671840
Iraq,IRQ,2020,14885520
Ireland,IRL,2000,139559
Ireland,IRL,2002,150103
Ireland,IRL,2004,164175
Ireland,IRL,2006,179103
Ireland,IRL,2008,197637
Ireland,IRL,2010,210481
Ireland,IRL,2012,219376
Ireland,IRL,2014,232291
Ireland,IRL,2016,247618
Ireland,IRL,2018,261348
Ireland,IRL,2020,269734
Jordan,JOR,2000,1583612
Jordan,JOR,2002,1556651
Jordan,JOR,2004,1532041
Jordan,JOR,2006,1624758
Jordan,JOR,2008,1704125
Jordan,JOR,2010,1692776
Jordan,JOR,2012,1656068
Jordan,JOR,2014,1847563
Jordan,JOR,2016,1928270
Jordan,JOR,2018,1813008
Jordan,JOR,2020,1670694
Kazakhstan,KAZ,2000,2042110
Kazakhstan,KAZ,2002,1811359
Kazakhstan,KAZ,2004,1599195
Kazakhstan,KAZ,2006,1393905
Kazakhstan,KAZ,2008,1191339
Kazakhstan,KAZ,2010,977414
Kazakhstan,KAZ,2012,741808
Kazakhstan,KAZ,2014,490756
Kazakhstan,KAZ,2016,222722
Kazakhstan,KAZ,2018,83311
Kazakhstan,KAZ,2020,85858
Kenya,KEN,2000,3877634
Kenya,KEN,2002,4160383
Kenya,KEN,2004,4455284
Kenya,KEN,2006,4765689
Kenya,KEN,2008,5092631
Kenya,KEN,2010,5426684
Kenya,KEN,2012,5745637
Kenya,KEN,2014,6052392
Kenya,KEN,2016,6353140
Kenya,KEN,2018,6861005
Kenya,KEN,2020,7395074
Kyrgyzstan,KGZ,2000,815387
Kyrgyzstan,KGZ,2002,751909
Kyrgyzstan,KGZ,2004,688456
Kyrgyzstan,KGZ,2006,621379
Kyrgyzstan,KGZ,2008,549326
Kyrgyzstan,KGZ,2010,476990
Kyrgyzstan,KGZ,2012,403742
Kyrgyzstan,KGZ,2014,329703
Kyrgyzstan,KGZ,2016,248746
Kyrgyzstan,KGZ,2018,158848
Kyrgyzstan,KGZ,2020,59156
Laos,LAO,2000,649285
Laos,LAO,2002,687445
Laos,LAO,2004,718999
Laos,LAO,2006,727677
Laos,LAO,2008,721543
Laos,LAO,2010,709100
Laos,LAO,2012,687800
Laos,LAO,2014,660851
Laos,LAO,2016,627715
Laos,LAO,2018,586940
Laos,LAO,2020,579054
Latin America and Caribbean (WB),,2000,126735404
Latin America and Caribbean (WB),,2002,123604841
Latin America and Caribbean (WB),,2004,119114749
Latin America and Caribbean (WB),,2006,114445910
Latin America and Caribbean (WB),,2008,105345927
Latin America and Caribbean (WB),,2010,100815574
Latin America and Caribbean (WB),,2012,91485392
Latin America and Caribbean (WB),,2014,91386613
Latin America and Caribbean (WB),,2016,82390982
Lebanon,LBN,2002,3543360
Lebanon,LBN,2004,3656199
Lebanon,LBN,2006,3784243
Lebanon,LBN,2008,2863207
Lebanon,LBN,2010,1840916
Lebanon,LBN,2012,775339
Lebanon,LBN,2014,248314
Lebanon,LBN,2016,248590
Lesotho,LSO,2000,245071
Lesotho,LSO,2002,258080
Lesotho,LSO,2004,252324
Lesotho,LSO,2006,245698
Lesotho,LSO,2008,238962
Lesotho,LSO,2010,231767
Lesotho,LSO,2012,222217
Lesotho,LSO,2014,210699
Lesotho,LSO,2016,198030
Lesotho,LSO,2018,183685
Lesotho,LSO,2020,167200
Liberia,LBR,2002,1040069
Liberia,LBR,2004,1077327
Liberia,LBR,2006,1195892
Liberia,LBR,2008,1297307
Liberia,LBR,2010,1365152
Liberia,LBR,2012,1457153
Liberia,LBR,2014,1505900
Liberia,LBR,2016,1553096
Liberia,LBR,2018,1597742
Liberia,LBR,2020,1692994
Low-income countries,,2002,92934627
Low-income countries,,2004,97922440
Low-income countries,,2006,102622773
Low-income countries,,2008,108029943
Low-income countries,,2010,113792808
Low-income countries,,2012,119138993
Low-income countries,,2014,123864001
Low-income countries,,2016,129999300
Low-income countries,,2018,136933065
Low-income countries,,2020,148760384
Lower-middle-income countries,,2000,427796526
Lower-middle-income countries,,2002,443886691
Lower-middle-income countries,,2004,458268555
Lower-middle-income countries,,2006,469425648
Lower-middle-income countries,,2008,477650262
Lower-middle-income countries,,2010,489442994
Lower-middle-income countries,,2012,499329237
Lower-middle-income countries,,2014,508992468
Lower-middle-income countries,,2016,519514108
Lower-middle-income countries,,2018,536951169
Lower-middle-income countries,,2020,590283982
Madagascar,MDG,2000,4021395
Madagascar,MDG,2002,4239215
Madagascar,MDG,2004,4460474
Madagascar,MDG,2006,4795966
Madagascar,MDG,2008,5148317
Madagascar,MDG,2010,5512664
Madagascar,MDG,2012,5877874
Madagascar,MDG,2014,6240679
Madagascar,MDG,2016,6604073
Madagascar,MDG,2018,6971341
Madagascar,MDG,2020,7332804
Malawi,MWI,2000,1335635
Malawi,MWI,2002,1357316
Malawi,MWI,2004,1381460
Malawi,MWI,2006,1407902
Malawi,MWI,2008,1433773
Malawi,MWI,2010,1460566
Malawi,MWI,2012,1486271
Malawi,MWI,2014,1510206
Malawi,MWI,2016,1531252
Malawi,MWI,2018,1548780
Malawi,MWI,2020,1681144
Maldives,MDV,2004,40772
Maldives,MDV,2006,45436
Maldives,MDV,2008,49158
Maldives,MDV,2010,52513
Maldives,MDV,2012,55961
Maldives,MDV,2014,59761
Maldives,MDV,2016,64617
Maldives,MDV,2018,69022
Maldives,MDV,2020,72902
Mali,MLI,2000,2673102
Mali,MLI,2002,2838742
Mali,MLI,2004,3012960
Mali,MLI,2006,3188808
Mali,MLI,2008,3358904
Mali,MLI,2010,3516473
Mali,MLI,2012,3645377
Mali,MLI,2014,3750285
Mali,MLI,2016,3837508
Mali,MLI,2018,3894384
Mali,MLI,2020,3907458
Mauritania,MRT,2000,869421
Mauritania,MRT,2002,905873
Mauritania,MRT,2004,946849
Mauritania,MRT,2006,987866
Mauritania,MRT,2008,1030890
Mauritania,MRT,2010,1080256
Mauritania,MRT,2012,1133954
Mauritania,MRT,2014,1178027
Mauritania,MRT,2016,1214428
Mauritania,MRT,2018,1283619
Mauritania,MRT,2020,1393808
Mexico,MEX,2000,23521743
Mexico,MEX,2002,23157526
Mexico,MEX,2004,22697747
Mexico,MEX,2006,22125554
Mexico,MEX,2008,21431613
Mexico,MEX,2010,20655115
Mexico,MEX,2012,19851335
Mexico,MEX,2014,18909676
Mexico,MEX,2016,17834273
Mexico,MEX,2018,17495201
Mexico,MEX,2020,17902665
Middle-income countries,,2008,879423997
Middle-income countries,,2010,890524594
Middle-income countries,,2012,897224753
Middle-income countries,,2014,924484299
Middle-income countries,,2016,939585933
Moldova,MDA,2000,345581
Moldova,MDA,2002,302143
Moldova,MDA,2004,258960
Moldova,MDA,2006,221659
Moldova,MDA,2008,184896
Moldova,MDA,2010,150052
Moldova,MDA,2012,114426
Moldova,MDA,2014,78940
Moldova,MDA,2016,77458
Moldova,MDA,2018,75014
Mongolia,MNG,2000,806641
Mongolia,MNG,2002,793430
Mongolia,MNG,2004,774379
Mongolia,MNG,2006,749255
Mongolia,MNG,2008,720537
Mongolia,MNG,2010,689163
Mongolia,MNG,2012,641485
Mongolia,MNG,2014,589565
Mongolia,MNG,2016,534318
Mongolia,MNG,2018,473209
Mongolia,MNG,2020,404379
Montenegro,MNE,2000,67645
Montenegro,MNE,2002,70548
Montenegro,MNE,2004,70496
Montenegro,MNE,2006,66822
Montenegro,MNE,2008,63051
Montenegro,MNE,2010,59198
Montenegro,MNE,2012,54696
Montenegro,MNE,2014,50481
Montenegro,MNE,2016,46099
Montenegro,MNE,2018,41573
Montenegro,MNE,2020,36899
Morocco,MAR,2000,5049297
Morocco,MAR,2002,4804034
Morocco,MAR,2004,4526033
Morocco,MAR,2006,4261083
Morocco,MAR,2008,3959598
Morocco,MAR,2010,3619201
Morocco,MAR,2012,3240217
Morocco,MAR,2014,2814629
Morocco,MAR,2016,2337477
Morocco,MAR,2018,2434700
Morocco,MAR,2020,2529244
Mozambique,MOZ,2000,4658189
Mozambique,MOZ,2002,4768036
Mozambique,MOZ,2004,4878161
Mozambique,MOZ,2006,4978946
Mozambique,MOZ,2008,5121676
Mozambique,MOZ,2010,5326663
Mozambique,MOZ,2012,5550898
Mozambique,MOZ,2014,5778001
Mozambique,MOZ,2016,5996099
Mozambique,MOZ,2018,6191698
Mozambique,MOZ,2020,6352711
Myanmar,MMR,2000,3618100
Myanmar,MMR,2002,4151509
Myanmar,MMR,2004,4706834
Myanmar,MMR,2006,5279592
Myanmar,MMR,2008,5867089
Myanmar,MMR,2010,6483413
Myanmar,MMR,2012,7150581
Myanmar,MMR,2014,7853587
Myanmar,MMR,2016,8596876
Myanmar,MMR,2018,9386012
Myanmar,MMR,2020,9695938
Namibia,NAM,2000,250622
Namibia,NAM,2002,270426
Namibia,NAM,2004,292308
Namibia,NAM,2006,314620
Namibia,NAM,2008,338709
Namibia,NAM,2010,365281
Namibia,NAM,2012,394559
Namibia,NAM,2014,426710
Namibia,NAM,2016,460927
Namibia,NAM,2018,498295
Nepal,NPL,2000,2181765
Nepal,NPL,2002,2287689
Nepal,NPL,2004,2335859
Nepal,NPL,2006,2363214
Nepal,NPL,2008,2369941
Nepal,NPL,2010,2361494
Nepal,NPL,2012,2335990
Nepal,NPL,2014,2300160
Nepal,NPL,2016,2278504
Nepal,NPL,2018,2266770
Nepal,NPL,2020,2432551
Nicaragua,NIC,2000,2024257
Nicaragua,NIC,2002,2052338
Nicaragua,NIC,2004,2075351
Nicaragua,NIC,2006,2104869
Nicaragua,NIC,2008,2160478
Nicaragua,NIC,2010,2239714
Niger,NER,2000,1317587
Niger,NER,2002,1419310
Niger,NER,2004,1523548
Niger,NER,2006,1637777
Niger,NER,2008,1762527
Niger,NER,2010,1899136
Niger,NER,2012,2048773
Niger,NER,2014,2213312
Niger,NER,2016,2400838
Niger,NER,2018,2612261
Nigeria,NGA,2000,31719129
Nigeria,NGA,2002,33870178
Nigeria,NGA,2004,36100668
Nigeria,NGA,2006,38377200
Nigeria,NGA,2008,40706139
Nigeria,NGA,2010,43070375
Nigeria,NGA,2012,45426747
Nigeria,NGA,2014,47632396
Nigeria,NGA,2016,49604843
Nigeria,NGA,2018,51430864
Nigeria,NGA,2020,53019530
Pakistan,PAK,2000,36262008
Pakistan,PAK,2002,37982789
Pakistan,PAK,2004,39299029
Pakistan,PAK,2006,40569161
Pakistan,PAK,2008,41882790
Pakistan,PAK,2010,43280290
Pakistan,PAK,2012,44442364
Pakistan,PAK,2014,45165036
Pakistan,PAK,2016,45665498
Pakistan,PAK,2018,46324676
Pakistan,PAK,2020,47262895
Panama,PAN,2000,908792
Panama,PAN,2002,869455
Panama,PAN,2004,823426
Panama,PAN,2006,770258
Panama,PAN,2008,709234
Panama,PAN,2010,640111
Panama,PAN,2012,562985
Panama,PAN,2014,477372
Panama,PAN,2016,439893
Panama,PAN,2018,459701
Paraguay,PRY,2000,1191495
Paraguay,PRY,2002,1167842
Paraguay,PRY,2004,1118397
Paraguay,PRY,2006,1059752
Paraguay,PRY,2008,993896
Paraguay,PRY,2010,924422
Paraguay,PRY,2012,853208
Paraguay,PRY,2014,775230
Paraguay,PRY,2016,690280
Paraguay,PRY,2018,597316
Paraguay,PRY,2020,621471
Peru,PER,2000,9230824
Peru,PER,2002,9197855
Peru,PER,2004,9102072
Peru,PER,2006,8961707
Peru,PER,2008,8767016
Peru,PER,2010,8527068
Peru,PER,2012,8298816
Peru,PER,2014,8075010
Philippines,PHL,2000,17973515
Philippines,PHL,2002,18146229
Philippines,PHL,2004,18273154
Philippines,PHL,2006,18350256
Philippines,PHL,2008,18395488
Philippines,PHL,2010,18422889
Philippines,PHL,2012,18613777
Philippines,PHL,2014,18742660
Philippines,PHL,2016,18874770
Philippines,PHL,2018,19005063
Philippines,PHL,2020,19474948
Rwanda,RWA,2000,864543
Rwanda,RWA,2002,954291
Rwanda,RWA,2004,958188
Rwanda,RWA,2006,956251
Rwanda,RWA,2008,951902
Rwanda,RWA,2010,942949
Rwanda,RWA,2012,928136
Rwanda,RWA,2014,907583
Rwanda,RWA,2016,886641
Rwanda,RWA,2018,864677
Rwanda,RWA,2020,878839
Sao Tome and Principe,STP,2004,56132
Sao Tome and Principe,STP,2006,61407
Sao Tome and Principe,STP,2008,65873
Sao Tome and Principe,STP,2010,69158
Sao Tome and Principe,STP,2012,72093
Sao Tome and Principe,STP,2014,74610
Sao Tome and Principe,STP,2016,76584
Sao Tome and Principe,STP,2018,80933
Sao Tome and Principe,STP,2020,85511
Senegal,SEN,2000,2627614
Senegal,SEN,2002,2629331
Senegal,SEN,2004,2653503
Senegal,SEN,2006,2680211
Senegal,SEN,2008,2699183
Senegal,SEN,2010,2708391
Senegal,SEN,2012,2704488
Senegal,SEN,2014,2683100
Senegal,SEN,2016,2643948
Senegal,SEN,2018,2584287
Senegal,SEN,2020,2499750
Sierra Leone,SLE,2000,1206876
Sierra Leone,SLE,2002,1371616
Sierra Leone,SLE,2004,1469070
Sierra Leone,SLE,2006,1512934
Sierra Leone,SLE,2008,1555552
Sierra Leone,SLE,2010,1609038
Sierra Leone,SLE,2012,1657658
Sierra Leone,SLE,2014,1699344
Sierra Leone,SLE,2016,1733935
Sierra Leone,SLE,2018,1764915
Sierra Leone,SLE,2020,1789986
South Africa,ZAF,2000,7353166
South Africa,ZAF,2002,7513824
South Africa,ZAF,2004,7690533
South Africa,ZAF,2006,7869530
South Africa,ZAF,2008,8066683
South Africa,ZAF,2010,8282194
South Africa,ZAF,2012,8515651
South Africa,ZAF,2014,8779644
South Africa,ZAF,2016,9055604
South Africa,ZAF,2018,9200748
South Africa,ZAF,2020,9584519
South Asia (WB),,2000,222940693
South Asia (WB),,2002,233586860
South Asia (WB),,2004,244431506
South Asia (WB),,2006,255349706
South Asia (WB),,2008,265444332
South Asia (WB),,2010,275835729
South Asia (WB),,2012,286431082
South Asia (WB),,2014,296788999
South Asia (WB),,2016,307011276
South Asia (WB),,2018,317520809
South Asia (WB),,2020,331618710
South Sudan,SSD,2002,1118416
South Sudan,SSD,2004,1243102
South Sudan,SSD,2006,1385287
South Sudan,SSD,2008,1546026
South Sudan,SSD,2010,1683011
South Sudan,SSD,2012,1836474
South Sudan,SSD,2014,1967448
South Sudan,SSD,2016,1990202
Sub-Saharan Africa (WB),,2000,134298531
Sub-Saharan Africa (WB),,2002,147371288
Sub-Saharan Africa (WB),,2004,155583601
Sub-Saharan Africa (WB),,2006,164977251
Sub-Saharan Africa (WB),,2008,174469297
Sub-Saharan Africa (WB),,2010,184622641
Sub-Saharan Africa (WB),,2012,194959028
Sub-Saharan Africa (WB),,2014,205541208
Sub-Saharan Africa (WB),,2016,216391270
Sub-Saharan Africa (WB),,2018,227703180
Sub-Saharan Africa (WB),,2020,240343239
Sudan,SDN,2002,8907305
Sudan,SDN,2004,9345066
Sudan,SDN,2006,9862418
Sudan,SDN,2008,9922575
Sudan,SDN,2010,9927023
Sudan,SDN,2012,9828937
Sudan,SDN,2014,9816780
Sudan,SDN,2016,9897312
Sudan,SDN,2018,10722844
Sudan,SDN,2020,11546288
Suriname,SUR,2000,23648
Suriname,SUR,2002,27287
Suriname,SUR,2004,31022
Suriname,SUR,2006,34570
Suriname,SUR,2008,38258
Suriname,SUR,2010,42081
Suriname,SUR,2012,46013
Suriname,SUR,2014,50034
Suriname,SUR,2016,54244
Suriname,SUR,2018,58687
Suriname,SUR,2020,63449
Tajikistan,TJK,2000,1002036
Tajikistan,TJK,2002,966256
Tajikistan,TJK,2004,922685
Tajikistan,TJK,2006,872481
Tajikistan,TJK,2008,817307
Tajikistan,TJK,2010,758651
Tajikistan,TJK,2012,696635
Tajikistan,TJK,2014,631096
Tajikistan,TJK,2016,559631
Tajikistan,TJK,2018,478975
Tajikistan,TJK,2020,447920
Tanzania,TZA,2000,6252911
Tanzania,TZA,2002,6456424
Tanzania,TZA,2004,6765875
Tanzania,TZA,2006,7084759
Tanzania,TZA,2008,7380777
Tanzania,TZA,2010,7614477
Tanzania,TZA,2012,7861702
Tanzania,TZA,2014,8091278
Tanzania,TZA,2016,8314128
Tanzania,TZA,2018,8438695
Tanzania,TZA,2020,8886047
Thailand,THA,2000,3088986
Thailand,THA,2002,3380929
Thailand,THA,2004,3563984
Thailand,THA,2006,3603701
Thailand,THA,2008,3613717
Thailand,THA,2010,3586187
Thailand,THA,2012,3438604
Thailand,THA,2014,3252816
Thailand,THA,2016,3033518
Thailand,THA,2018,2782303
Thailand,THA,2020,2497771
Togo,TGO,2000,1141599
Togo,TGO,2002,1179032
Togo,TGO,2004,1213307
Togo,TGO,2006,1246876
Togo,TGO,2008,1281709
Togo,TGO,2010,1308673
Togo,TGO,2012,1329955
Togo,TGO,2014,1343356
Togo,TGO,2016,1348574
Togo,TGO,2018,1345008
Togo,TGO,2020,1391168
Trinidad and Tobago,TTO,2000,82371
Trinidad and Tobago,TTO,2002,82664
Trinidad and Tobago,TTO,2004,83033
Trinidad and Tobago,TTO,2006,77538
Trinidad and Tobago,TTO,2008,71983
Trinidad and Tobago,TTO,2010,66439
Trinidad and Tobago,TTO,2012,60955
Trinidad and Tobago,TTO,2014,58113
Trinidad and Tobago,TTO,2016,58681
Tunisia,TUN,2006,714402
Tunisia,TUN,2008,734134
Tunisia,TUN,2010,736701
Tunisia,TUN,2012,724374
Tunisia,TUN,2014,708236
Tunisia,TUN,2016,690326
Tunisia,TUN,2018,669964
Tunisia,TUN,2020,646650
Turkey,TUR,2000,10203169
Turkey,TUR,2002,10094688
Turkey,TUR,2004,9930879
Turkey,TUR,2006,9718638
Turkey,TUR,2008,9440962
Turkey,TUR,2010,9129747
Turkey,TUR,2012,8786486
Turkey,TUR,2014,8461333
Turkey,TUR,2016,8484554
Turkey,TUR,2018,8790028
Turkmenistan,TKM,2000,220272
Turkmenistan,TKM,2002,228746
Turkmenistan,TKM,2004,237075
Turkmenistan,TKM,2006,240398
Turkmenistan,TKM,2008,244308
Turkmenistan,TKM,2010,249245
Turkmenistan,TKM,2012,255197
Turkmenistan,TKM,2014,261701
Turkmenistan,TKM,2016,268131
Turkmenistan,TKM,2018,274008
Turkmenistan,TKM,2020,279224
Uganda,UGA,2000,2873367
Uganda,UGA,2002,3121981
Uganda,UGA,2004,3384205
Uganda,UGA,2006,3651728
Uganda,UGA,2008,3934418
Uganda,UGA,2010,4228721
Uganda,UGA,2012,4533729
Uganda,UGA,2014,4850724
Uganda,UGA,2016,5206369
Uganda,UGA,2018,5596320
Uganda,UGA,2020,5984938
Ukraine,UKR,2000,1650978
Ukraine,UKR,2002,1621603
Ukraine,UKR,2004,1475490
Ukraine,UKR,2006,1240246
Ukraine,UKR,2008,1011389
Ukraine,UKR,2010,786637
Ukraine,UKR,2012,564480
Ukraine,UKR,2014,343456
Ukraine,UKR,2016,342348
Ukraine,UKR,2018,340413
Uruguay,URY,2000,718055
Uruguay,URY,2002,725395
Uruguay,URY,2004,730258
Uruguay,URY,2006,620065
Uruguay,URY,2008,508776
Uruguay,URY,2010,395626
Uruguay,URY,2012,280186
Uruguay,URY,2014,162529
Venezuela,VEN,2000,5950359
Venezuela,VEN,2002,5878123
Venezuela,VEN,2004,5926629
Venezuela,VEN,2006,6128014
Vietnam,VNM,2000,8726059
Vietnam,VNM,2002,8305765
Vietnam,VNM,2004,7781309
Vietnam,VNM,2006,7137332
Vietnam,VNM,2008,6368159
Vietnam,VNM,2010,5476421
Vietnam,VNM,2012,4438586
Vietnam,VNM,2014,3235719
Vietnam,VNM,2016,1853069
Vietnam,VNM,2018,1965754
Vietnam,VNM,2020,2080862
West Bank and Gaza,,2002,668054
West Bank and Gaza,,2004,707316
West Bank and Gaza,,2006,725622
West Bank and Gaza,,2008,719159
West Bank and Gaza,,2010,709086
West Bank and Gaza,,2012,693487
West Bank and Gaza,,2014,672229
West Bank and Gaza,,2016,645277
West Bank and Gaza,,2018,678600
West Bank and Gaza,,2020,718579
Yemen,YEM,2000,3122457
Yemen,YEM,2002,3286125
Yemen,YEM,2004,3447503
Yemen,YEM,2006,3624206
Yemen,YEM,2008,3809138
Yemen,YEM,2010,3986712
Yemen,YEM,2012,4155672
Yemen,YEM,2014,4310619
Yemen,YEM,2016,4579668
Yemen,YEM,2018,4986759
Zambia,ZMB,2000,2195664
Zambia,ZMB,2002,2319892
Zambia,ZMB,2004,2473167
Zambia,ZMB,2006,2646961
Zambia,ZMB,2008,2839440
Zambia,ZMB,2010,3040768
Zambia,ZMB,2012,3240920
Zambia,ZMB,2014,3446218
Zambia,ZMB,2016,3654970
Zambia,ZMB,2018,3866491
Zambia,ZMB,2020,4076485
Zimbabwe,ZWE,2000,1099535
Zimbabwe,ZWE,2002,1116069
Zimbabwe,ZWE,2004,1098124
Zimbabwe,ZWE,2006,1076586
Zimbabwe,ZWE,2008,1058885
Zimbabwe,ZWE,2010,1046178
Zimbabwe,ZWE,2012,1043135
Zimbabwe,ZWE,2014,1051800
Zimbabwe,ZWE,2016,1062306
Zimbabwe,ZWE,2018,1074524
Zimbabwe,ZWE,2020,1089672